INSERT INTO AGENTS VALUES ('A007', 'Ramasundar', 'Bangalore', '0.15', '077-25814763', '');
INSERT INTO AGENTS VALUES ('A003', 'Alex ', 'London', '0.13', '075-12458969', '');
INSERT INTO AGENTS VALUES ('A008', 'Alford', 'New York', '0.12', '044-25874365', '');
INSERT INTO AGENTS VALUES ('A011', 'Ravi Kumar', 'Bangalore', '0.15', '077-45625874', '');
INSERT INTO AGENTS VALUES ('A010', 'Santakumar', 'Chennai', '0.14', '007-22388644', '');
INSERT INTO AGENTS VALUES ('A012', 'Lucida', 'San Jose', '0.12', '044-52981425', '');
INSERT INTO AGENTS VALUES ('A005', 'Anderson', 'Brisban', '0.13', '045-21447739', '');
INSERT INTO AGENTS VALUES ('A001', 'Subbarao', 'Bangalore', '0.14', '077-12346674', '');
INSERT INTO AGENTS VALUES ('A002', 'Mukesh', 'Mumbai', '0.11', '029-12358964', '');
INSERT INTO AGENTS VALUES ('A006', 'McDen', 'London', '0.15', '078-22255588', '');
INSERT INTO AGENTS VALUES ('A004', 'Ivan', 'Torento', '0.15', '008-22544166', '');
INSERT INTO AGENTS VALUES ('A009', 'Benjamin', 'Hampshair', '0.11', '008-22536178', '');



INSERT INTO CUSTOMER VALUES ('C00013', 'Holmes', 'London', 'London', 'UK', '2', '6000.00', '5000.00', '7000.00', '4000.00', 'BBBBBBB', 'A003');
INSERT INTO CUSTOMER VALUES ('C00001', 'Micheal', 'New York', 'New York', 'USA', '2', '3000.00', '5000.00', '2000.00', '6000.00', 'CCCCCCC', 'A008');
INSERT INTO CUSTOMER VALUES ('C00020', 'Albert', 'New York', 'New York', 'USA', '3', '5000.00', '7000.00', '6000.00', '6000.00', 'BBBBSBB', 'A008');
INSERT INTO CUSTOMER VALUES ('C00025', 'Ravindran', 'Bangalore', 'Bangalore', 'India', '2', '5000.00', '7000.00', '4000.00', '8000.00', 'AVAVAVA', 'A011');
INSERT INTO CUSTOMER VALUES ('C00024', 'Cook', 'London', 'London', 'UK', '2', '4000.00', '9000.00', '7000.00', '6000.00', 'FSDDSDF', 'A006');
INSERT INTO CUSTOMER VALUES ('C00015', 'Stuart', 'London', 'London', 'UK', '1', '6000.00', '8000.00', '3000.00', '11000.00', 'GFSGERS', 'A003');
INSERT INTO CUSTOMER VALUES ('C00002', 'Bolt', 'New York', 'New York', 'USA', '3', '5000.00', '7000.00', '9000.00', '3000.00', 'DDNRDRH', 'A008');
INSERT INTO CUSTOMER VALUES ('C00018', 'Fleming', 'Brisban', 'Brisban', 'Australia', '2', '7000.00', '7000.00', '9000.00', '5000.00', 'NHBGVFC', 'A005');
INSERT INTO CUSTOMER VALUES ('C00021', 'Jacks', 'Brisban', 'Brisban', 'Australia', '1', '7000.00', '7000.00', '7000.00', '7000.00', 'WERTGDF', 'A005');
INSERT INTO CUSTOMER VALUES ('C00019', 'Yearannaidu', 'Chennai', 'Chennai', 'India', '1', '8000.00', '7000.00', '7000.00', '8000.00', 'ZZZZBFV', 'A010');
INSERT INTO CUSTOMER VALUES ('C00005', 'Sasikant', 'Mumbai', 'Mumbai', 'India', '1', '7000.00', '11000.00', '7000.00', '11000.00', '147-25896312', 'A002');
INSERT INTO CUSTOMER VALUES ('C00007', 'Ramanathan', 'Chennai', 'Chennai', 'India', '1', '7000.00', '11000.00', '9000.00', '9000.00', 'GHRDWSD', 'A010');
INSERT INTO CUSTOMER VALUES ('C00022', 'Avinash', 'Mumbai', 'Mumbai', 'India', '2', '7000.00', '11000.00', '9000.00', '9000.00', '113-12345678','A002');
INSERT INTO CUSTOMER VALUES ('C00004', 'Winston', 'Brisban', 'Brisban', 'Australia', '1', '5000.00', '8000.00', '7000.00', '6000.00', 'AAAAAAA', 'A005');
INSERT INTO CUSTOMER VALUES ('C00023', 'Karl', 'London', 'London', 'UK', '0', '4000.00', '6000.00', '7000.00', '3000.00', 'AAAABAA', 'A006');
INSERT INTO CUSTOMER VALUES ('C00006', 'Shilton', 'Torento', 'Torento', 'Canada', '1', '10000.00', '7000.00', '6000.00', '11000.00', 'DDDDDDD', 'A004');
INSERT INTO CUSTOMER VALUES ('C00010', 'Charles', 'Hampshair', 'Hampshair', 'UK', '3', '6000.00', '4000.00', '5000.00', '5000.00', 'MMMMMMM', 'A009');
INSERT INTO CUSTOMER VALUES ('C00017', 'Srinivas', 'Bangalore', 'Bangalore', 'India', '2', '8000.00', '4000.00', '3000.00', '9000.00', 'AAAAAAB', 'A007');
INSERT INTO CUSTOMER VALUES ('C00012', 'Steven', 'San Jose', 'San Jose', 'USA', '1', '5000.00', '7000.00', '9000.00', '3000.00', 'KRFYGJK', 'A012');
INSERT INTO CUSTOMER VALUES ('C00008', 'Karolina', 'Torento', 'Torento', 'Canada', '1', '7000.00', '7000.00', '9000.00', '5000.00', 'HJKORED', 'A004');
INSERT INTO CUSTOMER VALUES ('C00003', 'Martin', 'Torento', 'Torento', 'Canada', '2', '8000.00', '7000.00', '7000.00', '8000.00', 'MJYURFD', 'A004');
INSERT INTO CUSTOMER VALUES ('C00009', 'Ramesh', 'Mumbai', 'Mumbai', 'India', '3', '8000.00', '7000.00', '3000.00', '12000.00', 'Phone No', 'A002');
INSERT INTO CUSTOMER VALUES ('C00014', 'Rangarappa', 'Bangalore', 'Bangalore', 'India', '2', '8000.00', '11000.00', '7000.00', '12000.00', 'AAAATGF', 'A001');
INSERT INTO CUSTOMER VALUES ('C00016', 'Venkatpati', 'Bangalore', 'Bangalore', 'India', '2', '8000.00', '11000.00', '7000.00', '12000.00', 'JRTVFDD', 'A007');
INSERT INTO CUSTOMER VALUES ('C00011', 'Sundariya', 'Chennai', 'Chennai', 'India', '3', '7000.00', '11000.00', '7000.00', '11000.00', 'PPHGRTS', 'A010');
INSERT INTO CUSTOMER (CUST_CODE, CUST_NAME, CUST_CITY, WORKING_AREA, CUST_COUNTRY, GRADE, OPENING_AMT, RECEIVE_AMT, PAYMENT_AMT, OUTSTANDING_AMT, PHONE_NO, AGENT_CODE)
VALUES ('C00026', 'John Doe', 'New York', 'New York', 'USA', NULL, 5000.00, 3000.00, 2000.00, 6000.00, '123-456-7890', 'A003');


INSERT INTO ORDERS (ORD_NUM, ORD_AMOUNT, ADVANCE_AMOUNT, ORD_DATE, CUST_CODE, AGENT_CODE, ORD_DESCRIPTION)
VALUES (1001, 5000.00, 1000.00, '2023-09-20', 'C00001', 'A008', 'Sample Order 1');

INSERT INTO ORDERS (ORD_NUM, ORD_AMOUNT, ADVANCE_AMOUNT, ORD_DATE, CUST_CODE, AGENT_CODE, ORD_DESCRIPTION)
VALUES (1002, 7000.00, 2000.00, '2023-09-21', 'C00002', 'A002', 'Sample Order 2');

INSERT INTO ORDERS (ORD_NUM, ORD_AMOUNT, ADVANCE_AMOUNT, ORD_DATE, CUST_CODE, AGENT_CODE, ORD_DESCRIPTION)
VALUES (1003, 6000.00, 1500.00, '2023-09-22', 'C00003', 'A004', 'Sample Order 3');

INSERT INTO ORDERS (ORD_NUM, ORD_AMOUNT, ADVANCE_AMOUNT, ORD_DATE, CUST_CODE, AGENT_CODE, ORD_DESCRIPTION)
VALUES (1004, 8000.00, 2500.00, '2023-09-23', 'C00004', 'A006', 'Sample Order 4');

INSERT INTO ORDERS (ORD_NUM, ORD_AMOUNT, ADVANCE_AMOUNT, ORD_DATE, CUST_CODE, AGENT_CODE, ORD_DESCRIPTION)
VALUES (1005, 5500.00, 1800.00, '2023-09-24', 'C00005', 'A003', 'Sample Order 5 - Updated');


INSERT INTO ORDERS (ORD_NUM, ORD_AMOUNT, ADVANCE_AMOUNT, ORD_DATE, CUST_CODE, AGENT_CODE, ORD_DESCRIPTION)
VALUES (1006, 6500.00, 2200.00, '2023-09-25', 'C00006', 'A010', 'Sample Order 6');

INSERT INTO ORDERS (ORD_NUM, ORD_AMOUNT, ADVANCE_AMOUNT, ORD_DATE, CUST_CODE, AGENT_CODE, ORD_DESCRIPTION)
VALUES (1007, 7500.00, 2800.00, '2023-09-26', 'C00007', 'A004', 'Sample Order 7');

INSERT INTO ORDERS (ORD_NUM, ORD_AMOUNT, ADVANCE_AMOUNT, ORD_DATE, CUST_CODE, AGENT_CODE, ORD_DESCRIPTION)
VALUES (1008, 6000.00, 2000.00, '2023-09-27', 'C00008', 'A007', 'Sample Order 8');

INSERT INTO ORDERS (ORD_NUM, ORD_AMOUNT, ADVANCE_AMOUNT, ORD_DATE, CUST_CODE, AGENT_CODE, ORD_DESCRIPTION)
VALUES (1009, 7200.00, 2400.00, '2023-09-28', 'C00009', 'A012', 'Sample Order 9 - Updated');

INSERT INTO ORDERS (ORD_NUM, ORD_AMOUNT, ADVANCE_AMOUNT, ORD_DATE, CUST_CODE, AGENT_CODE, ORD_DESCRIPTION)
VALUES (1010, 6800.00, 2100.00, '2023-09-29', 'C00010', 'A009', 'Sample Order 10');

INSERT INTO ORDERS (ORD_NUM, ORD_AMOUNT, ADVANCE_AMOUNT, ORD_DATE, CUST_CODE, AGENT_CODE, ORD_DESCRIPTION)
VALUES (10011, 5500.00, 1200.00, '2023-09-20', 'C00013', 'A003', 'Additional Order for C00013');

INSERT INTO ORDERS (ORD_NUM, ORD_AMOUNT, ADVANCE_AMOUNT, ORD_DATE, CUST_CODE, AGENT_CODE, ORD_DESCRIPTION)
VALUES (10012, 7000.00, 1500.00, '2023-09-21', 'C00020', 'A008', 'Additional Order for C00020');


